sura,aya,word_index,surface_form_ar,lemma_ar,pos,sura_name,sura_type,verse_text
2,90,10,بَغْيًا,بَغْي,N,البقرة,medinan,بِئۡسَمَا ٱشۡتَرَوۡاْ بِهِۦٓ أَنفُسَهُمۡ أَن يَكۡفُرُواْ بِمَآ أَنزَلَ ٱللَّهُ بَغۡيًا أَن يُنَزِّلَ ٱللَّهُ مِن فَضۡلِهِۦ عَلَىٰ مَن يَشَآءُ مِنۡ عِبَادِهِۦۖ فَبَآءُو بِغَضَبٍ عَلَىٰ غَضَبٖۚ وَلِلۡكَٰفِرِينَ عَذَابٞ مُّهِينٞ
2,173,16,بَاغٍ,بَاغ,N,البقرة,medinan,إِنَّمَا حَرَّمَ عَلَيۡكُمُ ٱلۡمَيۡتَةَ وَٱلدَّمَ وَلَحۡمَ ٱلۡخِنزِيرِ وَمَآ أُهِلَّ بِهِۦ لِغَيۡرِ ٱللَّهِۖ فَمَنِ ٱضۡطُرَّ غَيۡرَ بَاغٖ وَلَا عَادٖ فَلَآ إِثۡمَ عَلَيۡهِۚ إِنَّ ٱللَّهَ غَفُورٞ رَّحِيمٌ
2,187,26,ٱبْتَغُ,ٱبْتَغَىٰ,V,البقرة,medinan,أُحِلَّ لَكُمۡ لَيۡلَةَ ٱلصِّيَامِ ٱلرَّفَثُ إِلَىٰ نِسَآئِكُمۡۚ هُنَّ لِبَاسٞ لَّكُمۡ وَأَنتُمۡ لِبَاسٞ لَّهُنَّۗ عَلِمَ ٱللَّهُ أَنَّكُمۡ كُنتُمۡ تَخۡتَانُونَ أَنفُسَكُمۡ فَتَابَ عَلَيۡكُمۡ وَعَفَا عَنكُمۡۖ فَٱلۡـَٰٔنَ بَٰشِرُوهُنَّ وَٱبۡتَغُواْ مَا كَتَبَ ٱللَّهُ لَكُمۡۚ وَكُلُواْ وَٱشۡرَبُواْ حَتَّىٰ يَتَبَيَّنَ لَكُمُ ٱلۡخَيۡطُ ٱلۡأَبۡيَضُ مِنَ ٱلۡخَيۡطِ ٱلۡأَسۡوَدِ مِنَ ٱلۡفَجۡرِۖ ثُمَّ أَتِمُّواْ ٱلصِّيَامَ إِلَى ٱلَّيۡلِۚ وَلَا تُبَٰشِرُوهُنَّ وَأَنتُمۡ عَٰكِفُونَ فِي ٱلۡمَسَٰجِدِۗ تِلۡكَ حُدُودُ ٱللَّهِ فَلَا تَقۡرَبُوهَاۗ كَذَٰلِكَ يُبَيِّنُ ٱللَّهُ ءَايَٰتِهِۦ لِلنَّاسِ لَعَلَّهُمۡ يَتَّقُونَ
2,198,5,تَبْتَغُ,ٱبْتَغَىٰ,V,البقرة,medinan,لَيۡسَ عَلَيۡكُمۡ جُنَاحٌ أَن تَبۡتَغُواْ فَضۡلٗا مِّن رَّبِّكُمۡۚ فَإِذَآ أَفَضۡتُم مِّنۡ عَرَفَٰتٖ فَٱذۡكُرُواْ ٱللَّهَ عِندَ ٱلۡمَشۡعَرِ ٱلۡحَرَامِۖ وَٱذۡكُرُوهُ كَمَا هَدَىٰكُمۡ وَإِن كُنتُم مِّن قَبۡلِهِۦ لَمِنَ ٱلضَّآلِّينَ
2,207,6,ٱبْتِغَا^ءَ,ٱبْتِغَا^ء,N,البقرة,medinan,وَمِنَ ٱلنَّاسِ مَن يَشۡرِي نَفۡسَهُ ٱبۡتِغَآءَ مَرۡضَاتِ ٱللَّهِۚ وَٱللَّهُ رَءُوفُۢ بِٱلۡعِبَادِ
2,213,31,بَغْيً[ا,بَغْي,N,البقرة,medinan,كَانَ ٱلنَّاسُ أُمَّةٗ وَٰحِدَةٗ فَبَعَثَ ٱللَّهُ ٱلنَّبِيِّـۧنَ مُبَشِّرِينَ وَمُنذِرِينَ وَأَنزَلَ مَعَهُمُ ٱلۡكِتَٰبَ بِٱلۡحَقِّ لِيَحۡكُمَ بَيۡنَ ٱلنَّاسِ فِيمَا ٱخۡتَلَفُواْ فِيهِۚ وَمَا ٱخۡتَلَفَ فِيهِ إِلَّا ٱلَّذِينَ أُوتُوهُ مِنۢ بَعۡدِ مَا جَآءَتۡهُمُ ٱلۡبَيِّنَٰتُ بَغۡيَۢا بَيۡنَهُمۡۖ فَهَدَى ٱللَّهُ ٱلَّذِينَ ءَامَنُواْ لِمَا ٱخۡتَلَفُواْ فِيهِ مِنَ ٱلۡحَقِّ بِإِذۡنِهِۦۗ وَٱللَّهُ يَهۡدِي مَن يَشَآءُ إِلَىٰ صِرَٰطٖ مُّسۡتَقِيمٍ
2,265,5,ٱبْتِغَا^ءَ,ٱبْتِغَا^ء,N,البقرة,medinan,وَمَثَلُ ٱلَّذِينَ يُنفِقُونَ أَمۡوَٰلَهُمُ ٱبۡتِغَآءَ مَرۡضَاتِ ٱللَّهِ وَتَثۡبِيتٗا مِّنۡ أَنفُسِهِمۡ كَمَثَلِ جَنَّةِۭ بِرَبۡوَةٍ أَصَابَهَا وَابِلٞ فَـَٔاتَتۡ أُكُلَهَا ضِعۡفَيۡنِ فَإِن لَّمۡ يُصِبۡهَا وَابِلٞ فَطَلّٞۗ وَٱللَّهُ بِمَا تَعۡمَلُونَ بَصِيرٌ
2,272,17,ٱبْتِغَا^ءَ,ٱبْتِغَا^ء,N,البقرة,medinan,۞لَّيۡسَ عَلَيۡكَ هُدَىٰهُمۡ وَلَٰكِنَّ ٱللَّهَ يَهۡدِي مَن يَشَآءُۗ وَمَا تُنفِقُواْ مِنۡ خَيۡرٖ فَلِأَنفُسِكُمۡۚ وَمَا تُنفِقُونَ إِلَّا ٱبۡتِغَآءَ وَجۡهِ ٱللَّهِۚ وَمَا تُنفِقُواْ مِنۡ خَيۡرٖ يُوَفَّ إِلَيۡكُمۡ وَأَنتُمۡ لَا تُظۡلَمُونَ
3,7,23,ٱبْتِغَا^ءَ,ٱبْتِغَا^ء,N,آل عمران,medinan,هُوَ ٱلَّذِيٓ أَنزَلَ عَلَيۡكَ ٱلۡكِتَٰبَ مِنۡهُ ءَايَٰتٞ مُّحۡكَمَٰتٌ هُنَّ أُمُّ ٱلۡكِتَٰبِ وَأُخَرُ مُتَشَٰبِهَٰتٞۖ فَأَمَّا ٱلَّذِينَ فِي قُلُوبِهِمۡ زَيۡغٞ فَيَتَّبِعُونَ مَا تَشَٰبَهَ مِنۡهُ ٱبۡتِغَآءَ ٱلۡفِتۡنَةِ وَٱبۡتِغَآءَ تَأۡوِيلِهِۦۖ وَمَا يَعۡلَمُ تَأۡوِيلَهُۥٓ إِلَّا ٱللَّهُۗ وَٱلرَّـٰسِخُونَ فِي ٱلۡعِلۡمِ يَقُولُونَ ءَامَنَّا بِهِۦ كُلّٞ مِّنۡ عِندِ رَبِّنَاۗ وَمَا يَذَّكَّرُ إِلَّآ أُوْلُواْ ٱلۡأَلۡبَٰبِ
3,7,25,ٱبْتِغَا^ءَ,ٱبْتِغَا^ء,N,آل عمران,medinan,هُوَ ٱلَّذِيٓ أَنزَلَ عَلَيۡكَ ٱلۡكِتَٰبَ مِنۡهُ ءَايَٰتٞ مُّحۡكَمَٰتٌ هُنَّ أُمُّ ٱلۡكِتَٰبِ وَأُخَرُ مُتَشَٰبِهَٰتٞۖ فَأَمَّا ٱلَّذِينَ فِي قُلُوبِهِمۡ زَيۡغٞ فَيَتَّبِعُونَ مَا تَشَٰبَهَ مِنۡهُ ٱبۡتِغَآءَ ٱلۡفِتۡنَةِ وَٱبۡتِغَآءَ تَأۡوِيلِهِۦۖ وَمَا يَعۡلَمُ تَأۡوِيلَهُۥٓ إِلَّا ٱللَّهُۗ وَٱلرَّـٰسِخُونَ فِي ٱلۡعِلۡمِ يَقُولُونَ ءَامَنَّا بِهِۦ كُلّٞ مِّنۡ عِندِ رَبِّنَاۗ وَمَا يَذَّكَّرُ إِلَّآ أُوْلُواْ ٱلۡأَلۡبَٰبِ
3,19,17,بَغْيً[ا,بَغْي,N,آل عمران,medinan,إِنَّ ٱلدِّينَ عِندَ ٱللَّهِ ٱلۡإِسۡلَٰمُۗ وَمَا ٱخۡتَلَفَ ٱلَّذِينَ أُوتُواْ ٱلۡكِتَٰبَ إِلَّا مِنۢ بَعۡدِ مَا جَآءَهُمُ ٱلۡعِلۡمُ بَغۡيَۢا بَيۡنَهُمۡۗ وَمَن يَكۡفُرۡ بِـَٔايَٰتِ ٱللَّهِ فَإِنَّ ٱللَّهَ سَرِيعُ ٱلۡحِسَابِ
3,83,4,يَبْغُ,بَغَىٰ,V,آل عمران,medinan,أَفَغَيۡرَ دِينِ ٱللَّهِ يَبۡغُونَ وَلَهُۥٓ أَسۡلَمَ مَن فِي ٱلسَّمَٰوَٰتِ وَٱلۡأَرۡضِ طَوۡعٗا وَكَرۡهٗا وَإِلَيۡهِ يُرۡجَعُونَ
3,85,2,يَبْتَغِ,ٱبْتَغَىٰ,V,آل عمران,medinan,وَمَن يَبۡتَغِ غَيۡرَ ٱلۡإِسۡلَٰمِ دِينٗا فَلَن يُقۡبَلَ مِنۡهُ وَهُوَ فِي ٱلۡأٓخِرَةِ مِنَ ٱلۡخَٰسِرِينَ
3,99,11,تَبْغُ,بَغَىٰ,V,آل عمران,medinan,قُلۡ يَـٰٓأَهۡلَ ٱلۡكِتَٰبِ لِمَ تَصُدُّونَ عَن سَبِيلِ ٱللَّهِ مَنۡ ءَامَنَ تَبۡغُونَهَا عِوَجٗا وَأَنتُمۡ شُهَدَآءُۗ وَمَا ٱللَّهُ بِغَٰفِلٍ عَمَّا تَعۡمَلُونَ
4,24,17,تَبْتَغُ,ٱبْتَغَىٰ,V,النساء,medinan,۞وَٱلۡمُحۡصَنَٰتُ مِنَ ٱلنِّسَآءِ إِلَّا مَا مَلَكَتۡ أَيۡمَٰنُكُمۡۖ كِتَٰبَ ٱللَّهِ عَلَيۡكُمۡۚ وَأُحِلَّ لَكُم مَّا وَرَآءَ ذَٰلِكُمۡ أَن تَبۡتَغُواْ بِأَمۡوَٰلِكُم مُّحۡصِنِينَ غَيۡرَ مُسَٰفِحِينَۚ فَمَا ٱسۡتَمۡتَعۡتُم بِهِۦ مِنۡهُنَّ فَـَٔاتُوهُنَّ أُجُورَهُنَّ فَرِيضَةٗۚ وَلَا جُنَاحَ عَلَيۡكُمۡ فِيمَا تَرَٰضَيۡتُم بِهِۦ مِنۢ بَعۡدِ ٱلۡفَرِيضَةِۚ إِنَّ ٱللَّهَ كَانَ عَلِيمًا حَكِيمٗا
4,34,33,تَبْغُ,بَغَىٰ,V,النساء,medinan,ٱلرِّجَالُ قَوَّـٰمُونَ عَلَى ٱلنِّسَآءِ بِمَا فَضَّلَ ٱللَّهُ بَعۡضَهُمۡ عَلَىٰ بَعۡضٖ وَبِمَآ أَنفَقُواْ مِنۡ أَمۡوَٰلِهِمۡۚ فَٱلصَّـٰلِحَٰتُ قَٰنِتَٰتٌ حَٰفِظَٰتٞ لِّلۡغَيۡبِ بِمَا حَفِظَ ٱللَّهُۚ وَٱلَّـٰتِي تَخَافُونَ نُشُوزَهُنَّ فَعِظُوهُنَّ وَٱهۡجُرُوهُنَّ فِي ٱلۡمَضَاجِعِ وَٱضۡرِبُوهُنَّۖ فَإِنۡ أَطَعۡنَكُمۡ فَلَا تَبۡغُواْ عَلَيۡهِنَّ سَبِيلًاۗ إِنَّ ٱللَّهَ كَانَ عَلِيّٗا كَبِيرٗا
4,94,18,تَبْتَغُ,ٱبْتَغَىٰ,V,النساء,medinan,يَـٰٓأَيُّهَا ٱلَّذِينَ ءَامَنُوٓاْ إِذَا ضَرَبۡتُمۡ فِي سَبِيلِ ٱللَّهِ فَتَبَيَّنُواْ وَلَا تَقُولُواْ لِمَنۡ أَلۡقَىٰٓ إِلَيۡكُمُ ٱلسَّلَٰمَ لَسۡتَ مُؤۡمِنٗا تَبۡتَغُونَ عَرَضَ ٱلۡحَيَوٰةِ ٱلدُّنۡيَا فَعِندَ ٱللَّهِ مَغَانِمُ كَثِيرَةٞۚ كَذَٰلِكَ كُنتُم مِّن قَبۡلُ فَمَنَّ ٱللَّهُ عَلَيۡكُمۡ فَتَبَيَّنُوٓاْۚ إِنَّ ٱللَّهَ كَانَ بِمَا تَعۡمَلُونَ خَبِيرٗا
4,104,4,ٱبْتِغَا^ءِ,ٱبْتِغَا^ء,N,النساء,medinan,وَلَا تَهِنُواْ فِي ٱبۡتِغَآءِ ٱلۡقَوۡمِۖ إِن تَكُونُواْ تَأۡلَمُونَ فَإِنَّهُمۡ يَأۡلَمُونَ كَمَا تَأۡلَمُونَۖ وَتَرۡجُونَ مِنَ ٱللَّهِ مَا لَا يَرۡجُونَۗ وَكَانَ ٱللَّهُ عَلِيمًا حَكِيمًا
4,114,20,ٱبْتِغَا^ءَ,ٱبْتِغَا^ء,N,النساء,medinan,۞لَّا خَيۡرَ فِي كَثِيرٖ مِّن نَّجۡوَىٰهُمۡ إِلَّا مَنۡ أَمَرَ بِصَدَقَةٍ أَوۡ مَعۡرُوفٍ أَوۡ إِصۡلَٰحِۭ بَيۡنَ ٱلنَّاسِۚ وَمَن يَفۡعَلۡ ذَٰلِكَ ٱبۡتِغَآءَ مَرۡضَاتِ ٱللَّهِ فَسَوۡفَ نُؤۡتِيهِ أَجۡرًا عَظِيمٗا
4,139,8,يَبْتَغُ,ٱبْتَغَىٰ,V,النساء,medinan,ٱلَّذِينَ يَتَّخِذُونَ ٱلۡكَٰفِرِينَ أَوۡلِيَآءَ مِن دُونِ ٱلۡمُؤۡمِنِينَۚ أَيَبۡتَغُونَ عِندَهُمُ ٱلۡعِزَّةَ فَإِنَّ ٱلۡعِزَّةَ لِلَّهِ جَمِيعٗا
5,2,19,يَبْتَغُ,ٱبْتَغَىٰ,V,المائدة,medinan,يَـٰٓأَيُّهَا ٱلَّذِينَ ءَامَنُواْ لَا تُحِلُّواْ شَعَـٰٓئِرَ ٱللَّهِ وَلَا ٱلشَّهۡرَ ٱلۡحَرَامَ وَلَا ٱلۡهَدۡيَ وَلَا ٱلۡقَلَـٰٓئِدَ وَلَآ ءَآمِّينَ ٱلۡبَيۡتَ ٱلۡحَرَامَ يَبۡتَغُونَ فَضۡلٗا مِّن رَّبِّهِمۡ وَرِضۡوَٰنٗاۚ وَإِذَا حَلَلۡتُمۡ فَٱصۡطَادُواْۚ وَلَا يَجۡرِمَنَّكُمۡ شَنَـَٔانُ قَوۡمٍ أَن صَدُّوكُمۡ عَنِ ٱلۡمَسۡجِدِ ٱلۡحَرَامِ أَن تَعۡتَدُواْۘ وَتَعَاوَنُواْ عَلَى ٱلۡبِرِّ وَٱلتَّقۡوَىٰۖ وَلَا تَعَاوَنُواْ عَلَى ٱلۡإِثۡمِ وَٱلۡعُدۡوَٰنِۚ وَٱتَّقُواْ ٱللَّهَۖ إِنَّ ٱللَّهَ شَدِيدُ ٱلۡعِقَابِ
5,35,6,ٱبْتَغُ,ٱبْتَغَىٰ,V,المائدة,medinan,يَـٰٓأَيُّهَا ٱلَّذِينَ ءَامَنُواْ ٱتَّقُواْ ٱللَّهَ وَٱبۡتَغُوٓاْ إِلَيۡهِ ٱلۡوَسِيلَةَ وَجَٰهِدُواْ فِي سَبِيلِهِۦ لَعَلَّكُمۡ تُفۡلِحُونَ
5,50,3,يَبْغُ,بَغَىٰ,V,المائدة,medinan,أَفَحُكۡمَ ٱلۡجَٰهِلِيَّةِ يَبۡغُونَۚ وَمَنۡ أَحۡسَنُ مِنَ ٱللَّهِ حُكۡمٗا لِّقَوۡمٖ يُوقِنُونَ
6,35,9,تَبْتَغِىَ,ٱبْتَغَىٰ,V,الأنعام,meccan,وَإِن كَانَ كَبُرَ عَلَيۡكَ إِعۡرَاضُهُمۡ فَإِنِ ٱسۡتَطَعۡتَ أَن تَبۡتَغِيَ نَفَقٗا فِي ٱلۡأَرۡضِ أَوۡ سُلَّمٗا فِي ٱلسَّمَآءِ فَتَأۡتِيَهُم بِـَٔايَةٖۚ وَلَوۡ شَآءَ ٱللَّهُ لَجَمَعَهُمۡ عَلَى ٱلۡهُدَىٰۚ فَلَا تَكُونَنَّ مِنَ ٱلۡجَٰهِلِينَ
6,114,3,أَبْتَغِى,ٱبْتَغَىٰ,V,الأنعام,meccan,أَفَغَيۡرَ ٱللَّهِ أَبۡتَغِي حَكَمٗا وَهُوَ ٱلَّذِيٓ أَنزَلَ إِلَيۡكُمُ ٱلۡكِتَٰبَ مُفَصَّلٗاۚ وَٱلَّذِينَ ءَاتَيۡنَٰهُمُ ٱلۡكِتَٰبَ يَعۡلَمُونَ أَنَّهُۥ مُنَزَّلٞ مِّن رَّبِّكَ بِٱلۡحَقِّۖ فَلَا تَكُونَنَّ مِنَ ٱلۡمُمۡتَرِينَ
6,145,33,بَاغٍ,بَاغ,N,الأنعام,meccan,قُل لَّآ أَجِدُ فِي مَآ أُوحِيَ إِلَيَّ مُحَرَّمًا عَلَىٰ طَاعِمٖ يَطۡعَمُهُۥٓ إِلَّآ أَن يَكُونَ مَيۡتَةً أَوۡ دَمٗا مَّسۡفُوحًا أَوۡ لَحۡمَ خِنزِيرٖ فَإِنَّهُۥ رِجۡسٌ أَوۡ فِسۡقًا أُهِلَّ لِغَيۡرِ ٱللَّهِ بِهِۦۚ فَمَنِ ٱضۡطُرَّ غَيۡرَ بَاغٖ وَلَا عَادٖ فَإِنَّ رَبَّكَ غَفُورٞ رَّحِيمٞ
6,146,26,بَغْيِ,بَغْي,N,الأنعام,meccan,وَعَلَى ٱلَّذِينَ هَادُواْ حَرَّمۡنَا كُلَّ ذِي ظُفُرٖۖ وَمِنَ ٱلۡبَقَرِ وَٱلۡغَنَمِ حَرَّمۡنَا عَلَيۡهِمۡ شُحُومَهُمَآ إِلَّا مَا حَمَلَتۡ ظُهُورُهُمَآ أَوِ ٱلۡحَوَايَآ أَوۡ مَا ٱخۡتَلَطَ بِعَظۡمٖۚ ذَٰلِكَ جَزَيۡنَٰهُم بِبَغۡيِهِمۡۖ وَإِنَّا لَصَٰدِقُونَ
6,164,4,أَبْغِى,بَغَىٰ,V,الأنعام,meccan,قُلۡ أَغَيۡرَ ٱللَّهِ أَبۡغِي رَبّٗا وَهُوَ رَبُّ كُلِّ شَيۡءٖۚ وَلَا تَكۡسِبُ كُلُّ نَفۡسٍ إِلَّا عَلَيۡهَاۚ وَلَا تَزِرُ وَازِرَةٞ وِزۡرَ أُخۡرَىٰۚ ثُمَّ إِلَىٰ رَبِّكُم مَّرۡجِعُكُمۡ فَيُنَبِّئُكُم بِمَا كُنتُمۡ فِيهِ تَخۡتَلِفُونَ
7,33,12,بَغْىَ,بَغْي,N,الأعراف,meccan,قُلۡ إِنَّمَا حَرَّمَ رَبِّيَ ٱلۡفَوَٰحِشَ مَا ظَهَرَ مِنۡهَا وَمَا بَطَنَ وَٱلۡإِثۡمَ وَٱلۡبَغۡيَ بِغَيۡرِ ٱلۡحَقِّ وَأَن تُشۡرِكُواْ بِٱللَّهِ مَا لَمۡ يُنَزِّلۡ بِهِۦ سُلۡطَٰنٗا وَأَن تَقُولُواْ عَلَى ٱللَّهِ مَا لَا تَعۡلَمُونَ
7,45,6,يَبْغُ,بَغَىٰ,V,الأعراف,meccan,ٱلَّذِينَ يَصُدُّونَ عَن سَبِيلِ ٱللَّهِ وَيَبۡغُونَهَا عِوَجٗا وَهُم بِٱلۡأٓخِرَةِ كَٰفِرُونَ
7,86,13,تَبْغُ,بَغَىٰ,V,الأعراف,meccan,وَلَا تَقۡعُدُواْ بِكُلِّ صِرَٰطٖ تُوعِدُونَ وَتَصُدُّونَ عَن سَبِيلِ ٱللَّهِ مَنۡ ءَامَنَ بِهِۦ وَتَبۡغُونَهَا عِوَجٗاۚ وَٱذۡكُرُوٓاْ إِذۡ كُنتُمۡ قَلِيلٗا فَكَثَّرَكُمۡۖ وَٱنظُرُواْ كَيۡفَ كَانَ عَٰقِبَةُ ٱلۡمُفۡسِدِينَ
7,140,4,أَبْغِي,بَغَىٰ,V,الأعراف,meccan,قَالَ أَغَيۡرَ ٱللَّهِ أَبۡغِيكُمۡ إِلَٰهٗا وَهُوَ فَضَّلَكُمۡ عَلَى ٱلۡعَٰلَمِينَ
9,47,10,يَبْغُ,بَغَىٰ,V,التوبة,medinan,لَوۡ خَرَجُواْ فِيكُم مَّا زَادُوكُمۡ إِلَّا خَبَالٗا وَلَأَوۡضَعُواْ خِلَٰلَكُمۡ يَبۡغُونَكُمُ ٱلۡفِتۡنَةَ وَفِيكُمۡ سَمَّـٰعُونَ لَهُمۡۗ وَٱللَّهُ عَلِيمُۢ بِٱلظَّـٰلِمِينَ
9,48,2,ٱبْتَغَ,ٱبْتَغَىٰ,V,التوبة,medinan,لَقَدِ ٱبۡتَغَوُاْ ٱلۡفِتۡنَةَ مِن قَبۡلُ وَقَلَّبُواْ لَكَ ٱلۡأُمُورَ حَتَّىٰ جَآءَ ٱلۡحَقُّ وَظَهَرَ أَمۡرُ ٱللَّهِ وَهُمۡ كَٰرِهُونَ
10,23,5,يَبْغُ,بَغَىٰ,V,يونس,meccan,فَلَمَّآ أَنجَىٰهُمۡ إِذَا هُمۡ يَبۡغُونَ فِي ٱلۡأَرۡضِ بِغَيۡرِ ٱلۡحَقِّۗ يَـٰٓأَيُّهَا ٱلنَّاسُ إِنَّمَا بَغۡيُكُمۡ عَلَىٰٓ أَنفُسِكُمۖ مَّتَٰعَ ٱلۡحَيَوٰةِ ٱلدُّنۡيَاۖ ثُمَّ إِلَيۡنَا مَرۡجِعُكُمۡ فَنُنَبِّئُكُم بِمَا كُنتُمۡ تَعۡمَلُونَ
10,23,13,بَغْيُ,بَغْي,N,يونس,meccan,فَلَمَّآ أَنجَىٰهُمۡ إِذَا هُمۡ يَبۡغُونَ فِي ٱلۡأَرۡضِ بِغَيۡرِ ٱلۡحَقِّۗ يَـٰٓأَيُّهَا ٱلنَّاسُ إِنَّمَا بَغۡيُكُمۡ عَلَىٰٓ أَنفُسِكُمۖ مَّتَٰعَ ٱلۡحَيَوٰةِ ٱلدُّنۡيَاۖ ثُمَّ إِلَيۡنَا مَرۡجِعُكُمۡ فَنُنَبِّئُكُم بِمَا كُنتُمۡ تَعۡمَلُونَ
10,90,8,بَغْيًا,بَغْي,N,يونس,meccan,۞وَجَٰوَزۡنَا بِبَنِيٓ إِسۡرَـٰٓءِيلَ ٱلۡبَحۡرَ فَأَتۡبَعَهُمۡ فِرۡعَوۡنُ وَجُنُودُهُۥ بَغۡيٗا وَعَدۡوًاۖ حَتَّىٰٓ إِذَآ أَدۡرَكَهُ ٱلۡغَرَقُ قَالَ ءَامَنتُ أَنَّهُۥ لَآ إِلَٰهَ إِلَّا ٱلَّذِيٓ ءَامَنَتۡ بِهِۦ بَنُوٓاْ إِسۡرَـٰٓءِيلَ وَأَنَا۠ مِنَ ٱلۡمُسۡلِمِينَ
11,19,6,يَبْغُ,بَغَىٰ,V,هود,meccan,ٱلَّذِينَ يَصُدُّونَ عَن سَبِيلِ ٱللَّهِ وَيَبۡغُونَهَا عِوَجٗا وَهُم بِٱلۡأٓخِرَةِ هُمۡ كَٰفِرُونَ
12,65,11,نَبْغِى,بَغَىٰ,V,يوسف,meccan,وَلَمَّا فَتَحُواْ مَتَٰعَهُمۡ وَجَدُواْ بِضَٰعَتَهُمۡ رُدَّتۡ إِلَيۡهِمۡۖ قَالُواْ يَـٰٓأَبَانَا مَا نَبۡغِيۖ هَٰذِهِۦ بِضَٰعَتُنَا رُدَّتۡ إِلَيۡنَاۖ وَنَمِيرُ أَهۡلَنَا وَنَحۡفَظُ أَخَانَا وَنَزۡدَادُ كَيۡلَ بَعِيرٖۖ ذَٰلِكَ كَيۡلٞ يَسِيرٞ
13,17,17,ٱبْتِغَا^ءَ,ٱبْتِغَا^ء,N,الرعد,medinan,أَنزَلَ مِنَ ٱلسَّمَآءِ مَآءٗ فَسَالَتۡ أَوۡدِيَةُۢ بِقَدَرِهَا فَٱحۡتَمَلَ ٱلسَّيۡلُ زَبَدٗا رَّابِيٗاۖ وَمِمَّا يُوقِدُونَ عَلَيۡهِ فِي ٱلنَّارِ ٱبۡتِغَآءَ حِلۡيَةٍ أَوۡ مَتَٰعٖ زَبَدٞ مِّثۡلُهُۥۚ كَذَٰلِكَ يَضۡرِبُ ٱللَّهُ ٱلۡحَقَّ وَٱلۡبَٰطِلَۚ فَأَمَّا ٱلزَّبَدُ فَيَذۡهَبُ جُفَآءٗۖ وَأَمَّا مَا يَنفَعُ ٱلنَّاسَ فَيَمۡكُثُ فِي ٱلۡأَرۡضِۚ كَذَٰلِكَ يَضۡرِبُ ٱللَّهُ ٱلۡأَمۡثَالَ
13,22,3,ٱبْتِغَا^ءَ,ٱبْتِغَا^ء,N,الرعد,medinan,وَٱلَّذِينَ صَبَرُواْ ٱبۡتِغَآءَ وَجۡهِ رَبِّهِمۡ وَأَقَامُواْ ٱلصَّلَوٰةَ وَأَنفَقُواْ مِمَّا رَزَقۡنَٰهُمۡ سِرّٗا وَعَلَانِيَةٗ وَيَدۡرَءُونَ بِٱلۡحَسَنَةِ ٱلسَّيِّئَةَ أُوْلَـٰٓئِكَ لَهُمۡ عُقۡبَى ٱلدَّارِ
14,3,11,يَبْغُ,بَغَىٰ,V,ابراهيم,meccan,ٱلَّذِينَ يَسۡتَحِبُّونَ ٱلۡحَيَوٰةَ ٱلدُّنۡيَا عَلَى ٱلۡأٓخِرَةِ وَيَصُدُّونَ عَن سَبِيلِ ٱللَّهِ وَيَبۡغُونَهَا عِوَجًاۚ أُوْلَـٰٓئِكَ فِي ضَلَٰلِۭ بَعِيدٖ
16,14,17,تَبْتَغُ,ٱبْتَغَىٰ,V,النحل,meccan,وَهُوَ ٱلَّذِي سَخَّرَ ٱلۡبَحۡرَ لِتَأۡكُلُواْ مِنۡهُ لَحۡمٗا طَرِيّٗا وَتَسۡتَخۡرِجُواْ مِنۡهُ حِلۡيَةٗ تَلۡبَسُونَهَاۖ وَتَرَى ٱلۡفُلۡكَ مَوَاخِرَ فِيهِ وَلِتَبۡتَغُواْ مِن فَضۡلِهِۦ وَلَعَلَّكُمۡ تَشۡكُرُونَ
16,90,13,بَغْىِ,بَغْي,N,النحل,meccan,۞إِنَّ ٱللَّهَ يَأۡمُرُ بِٱلۡعَدۡلِ وَٱلۡإِحۡسَٰنِ وَإِيتَآيِٕ ذِي ٱلۡقُرۡبَىٰ وَيَنۡهَىٰ عَنِ ٱلۡفَحۡشَآءِ وَٱلۡمُنكَرِ وَٱلۡبَغۡيِۚ يَعِظُكُمۡ لَعَلَّكُمۡ تَذَكَّرُونَ
16,115,16,بَاغٍ,بَاغ,N,النحل,meccan,إِنَّمَا حَرَّمَ عَلَيۡكُمُ ٱلۡمَيۡتَةَ وَٱلدَّمَ وَلَحۡمَ ٱلۡخِنزِيرِ وَمَآ أُهِلَّ لِغَيۡرِ ٱللَّهِ بِهِۦۖ فَمَنِ ٱضۡطُرَّ غَيۡرَ بَاغٖ وَلَا عَادٖ فَإِنَّ ٱللَّهَ غَفُورٞ رَّحِيمٞ
17,12,12,تَبْتَغُ,ٱبْتَغَىٰ,V,الإسراء,meccan,وَجَعَلۡنَا ٱلَّيۡلَ وَٱلنَّهَارَ ءَايَتَيۡنِۖ فَمَحَوۡنَآ ءَايَةَ ٱلَّيۡلِ وَجَعَلۡنَآ ءَايَةَ ٱلنَّهَارِ مُبۡصِرَةٗ لِّتَبۡتَغُواْ فَضۡلٗا مِّن رَّبِّكُمۡ وَلِتَعۡلَمُواْ عَدَدَ ٱلسِّنِينَ وَٱلۡحِسَابَۚ وَكُلَّ شَيۡءٖ فَصَّلۡنَٰهُ تَفۡصِيلٗا
17,28,4,ٱبْتِغَا^ءَ,ٱبْتِغَا^ء,N,الإسراء,meccan,وَإِمَّا تُعۡرِضَنَّ عَنۡهُمُ ٱبۡتِغَآءَ رَحۡمَةٖ مِّن رَّبِّكَ تَرۡجُوهَا فَقُل لَّهُمۡ قَوۡلٗا مَّيۡسُورٗا
17,42,9,ٱبْتَغَ,ٱبْتَغَىٰ,V,الإسراء,meccan,قُل لَّوۡ كَانَ مَعَهُۥٓ ءَالِهَةٞ كَمَا يَقُولُونَ إِذٗا لَّٱبۡتَغَوۡاْ إِلَىٰ ذِي ٱلۡعَرۡشِ سَبِيلٗا
17,57,4,يَبْتَغُ,ٱبْتَغَىٰ,V,الإسراء,meccan,أُوْلَـٰٓئِكَ ٱلَّذِينَ يَدۡعُونَ يَبۡتَغُونَ إِلَىٰ رَبِّهِمُ ٱلۡوَسِيلَةَ أَيُّهُمۡ أَقۡرَبُ وَيَرۡجُونَ رَحۡمَتَهُۥ وَيَخَافُونَ عَذَابَهُۥٓۚ إِنَّ عَذَابَ رَبِّكَ كَانَ مَحۡذُورٗا
17,66,8,تَبْتَغُ,ٱبْتَغَىٰ,V,الإسراء,meccan,رَّبُّكُمُ ٱلَّذِي يُزۡجِي لَكُمُ ٱلۡفُلۡكَ فِي ٱلۡبَحۡرِ لِتَبۡتَغُواْ مِن فَضۡلِهِۦٓۚ إِنَّهُۥ كَانَ بِكُمۡ رَحِيمٗا
17,110,19,ٱبْتَغِ,ٱبْتَغَىٰ,V,الإسراء,meccan,قُلِ ٱدۡعُواْ ٱللَّهَ أَوِ ٱدۡعُواْ ٱلرَّحۡمَٰنَۖ أَيّٗا مَّا تَدۡعُواْ فَلَهُ ٱلۡأَسۡمَآءُ ٱلۡحُسۡنَىٰۚ وَلَا تَجۡهَرۡ بِصَلَاتِكَ وَلَا تُخَافِتۡ بِهَا وَٱبۡتَغِ بَيۡنَ ذَٰلِكَ سَبِيلٗا
18,64,5,نَبْغِ,بَغَىٰ,V,الكهف,meccan,قَالَ ذَٰلِكَ مَا كُنَّا نَبۡغِۚ فَٱرۡتَدَّا عَلَىٰٓ ءَاثَارِهِمَا قَصَصٗا
18,108,4,يَبْغُ,بَغَىٰ,V,الكهف,meccan,خَٰلِدِينَ فِيهَا لَا يَبۡغُونَ عَنۡهَا حِوَلٗا
19,20,11,بَغِيًّا,بَغِيّ,N,مريم,meccan,قَالَتۡ أَنَّىٰ يَكُونُ لِي غُلَٰمٞ وَلَمۡ يَمۡسَسۡنِي بَشَرٞ وَلَمۡ أَكُ بَغِيّٗا
19,28,11,بَغِيًّا,بَغِيّ,N,مريم,meccan,يَـٰٓأُخۡتَ هَٰرُونَ مَا كَانَ أَبُوكِ ٱمۡرَأَ سَوۡءٖ وَمَا كَانَتۡ أُمُّكِ بَغِيّٗا
19,92,2,يَن[بَغِى,يَن[بَغِى,V,مريم,meccan,وَمَا يَنۢبَغِي لِلرَّحۡمَٰنِ أَن يَتَّخِذَ وَلَدًا
22,60,9,بُغِىَ,بَغَىٰ,V,الحج,medinan,۞ذَٰلِكَۖ وَمَنۡ عَاقَبَ بِمِثۡلِ مَا عُوقِبَ بِهِۦ ثُمَّ بُغِيَ عَلَيۡهِ لَيَنصُرَنَّهُ ٱللَّهُۚ إِنَّ ٱللَّهَ لَعَفُوٌّ غَفُورٞ
23,7,2,ٱبْتَغَىٰ,ٱبْتَغَىٰ,V,المؤمنون,meccan,فَمَنِ ٱبۡتَغَىٰ وَرَآءَ ذَٰلِكَ فَأُوْلَـٰٓئِكَ هُمُ ٱلۡعَادُونَ
24,33,12,يَبْتَغُ,ٱبْتَغَىٰ,V,النور,medinan,وَلۡيَسۡتَعۡفِفِ ٱلَّذِينَ لَا يَجِدُونَ نِكَاحًا حَتَّىٰ يُغۡنِيَهُمُ ٱللَّهُ مِن فَضۡلِهِۦۗ وَٱلَّذِينَ يَبۡتَغُونَ ٱلۡكِتَٰبَ مِمَّا مَلَكَتۡ أَيۡمَٰنُكُمۡ فَكَاتِبُوهُمۡ إِنۡ عَلِمۡتُمۡ فِيهِمۡ خَيۡرٗاۖ وَءَاتُوهُم مِّن مَّالِ ٱللَّهِ ٱلَّذِيٓ ءَاتَىٰكُمۡۚ وَلَا تُكۡرِهُواْ فَتَيَٰتِكُمۡ عَلَى ٱلۡبِغَآءِ إِنۡ أَرَدۡنَ تَحَصُّنٗا لِّتَبۡتَغُواْ عَرَضَ ٱلۡحَيَوٰةِ ٱلدُّنۡيَاۚ وَمَن يُكۡرِههُّنَّ فَإِنَّ ٱللَّهَ مِنۢ بَعۡدِ إِكۡرَٰهِهِنَّ غَفُورٞ رَّحِيمٞ
24,33,32,بِغَا^ءِ,بِغَا^ء,N,النور,medinan,وَلۡيَسۡتَعۡفِفِ ٱلَّذِينَ لَا يَجِدُونَ نِكَاحًا حَتَّىٰ يُغۡنِيَهُمُ ٱللَّهُ مِن فَضۡلِهِۦۗ وَٱلَّذِينَ يَبۡتَغُونَ ٱلۡكِتَٰبَ مِمَّا مَلَكَتۡ أَيۡمَٰنُكُمۡ فَكَاتِبُوهُمۡ إِنۡ عَلِمۡتُمۡ فِيهِمۡ خَيۡرٗاۖ وَءَاتُوهُم مِّن مَّالِ ٱللَّهِ ٱلَّذِيٓ ءَاتَىٰكُمۡۚ وَلَا تُكۡرِهُواْ فَتَيَٰتِكُمۡ عَلَى ٱلۡبِغَآءِ إِنۡ أَرَدۡنَ تَحَصُّنٗا لِّتَبۡتَغُواْ عَرَضَ ٱلۡحَيَوٰةِ ٱلدُّنۡيَاۚ وَمَن يُكۡرِههُّنَّ فَإِنَّ ٱللَّهَ مِنۢ بَعۡدِ إِكۡرَٰهِهِنَّ غَفُورٞ رَّحِيمٞ
24,33,36,تَبْتَغُ,ٱبْتَغَىٰ,V,النور,medinan,وَلۡيَسۡتَعۡفِفِ ٱلَّذِينَ لَا يَجِدُونَ نِكَاحًا حَتَّىٰ يُغۡنِيَهُمُ ٱللَّهُ مِن فَضۡلِهِۦۗ وَٱلَّذِينَ يَبۡتَغُونَ ٱلۡكِتَٰبَ مِمَّا مَلَكَتۡ أَيۡمَٰنُكُمۡ فَكَاتِبُوهُمۡ إِنۡ عَلِمۡتُمۡ فِيهِمۡ خَيۡرٗاۖ وَءَاتُوهُم مِّن مَّالِ ٱللَّهِ ٱلَّذِيٓ ءَاتَىٰكُمۡۚ وَلَا تُكۡرِهُواْ فَتَيَٰتِكُمۡ عَلَى ٱلۡبِغَآءِ إِنۡ أَرَدۡنَ تَحَصُّنٗا لِّتَبۡتَغُواْ عَرَضَ ٱلۡحَيَوٰةِ ٱلدُّنۡيَاۚ وَمَن يُكۡرِههُّنَّ فَإِنَّ ٱللَّهَ مِنۢ بَعۡدِ إِكۡرَٰهِهِنَّ غَفُورٞ رَّحِيمٞ
25,18,5,يَن[بَغِى,يَن[بَغِى,V,الفرقان,meccan,قَالُواْ سُبۡحَٰنَكَ مَا كَانَ يَنۢبَغِي لَنَآ أَن نَّتَّخِذَ مِن دُونِكَ مِنۡ أَوۡلِيَآءَ وَلَٰكِن مَّتَّعۡتَهُمۡ وَءَابَآءَهُمۡ حَتَّىٰ نَسُواْ ٱلذِّكۡرَ وَكَانُواْ قَوۡمَۢا بُورٗا
26,211,2,يَن[بَغِى,يَن[بَغِى,V,الشعراء,meccan,وَمَا يَنۢبَغِي لَهُمۡ وَمَا يَسۡتَطِيعُونَ
28,55,14,نَبْتَغِى,ٱبْتَغَىٰ,V,القصص,meccan,وَإِذَا سَمِعُواْ ٱللَّغۡوَ أَعۡرَضُواْ عَنۡهُ وَقَالُواْ لَنَآ أَعۡمَٰلُنَا وَلَكُمۡ أَعۡمَٰلُكُمۡ سَلَٰمٌ عَلَيۡكُمۡ لَا نَبۡتَغِي ٱلۡجَٰهِلِينَ
28,73,9,تَبْتَغُ,ٱبْتَغَىٰ,V,القصص,meccan,وَمِن رَّحۡمَتِهِۦ جَعَلَ لَكُمُ ٱلَّيۡلَ وَٱلنَّهَارَ لِتَسۡكُنُواْ فِيهِ وَلِتَبۡتَغُواْ مِن فَضۡلِهِۦ وَلَعَلَّكُمۡ تَشۡكُرُونَ
28,76,7,بَغَىٰ,بَغَىٰ,V,القصص,meccan,۞إِنَّ قَٰرُونَ كَانَ مِن قَوۡمِ مُوسَىٰ فَبَغَىٰ عَلَيۡهِمۡۖ وَءَاتَيۡنَٰهُ مِنَ ٱلۡكُنُوزِ مَآ إِنَّ مَفَاتِحَهُۥ لَتَنُوٓأُ بِٱلۡعُصۡبَةِ أُوْلِي ٱلۡقُوَّةِ إِذۡ قَالَ لَهُۥ قَوۡمُهُۥ لَا تَفۡرَحۡۖ إِنَّ ٱللَّهَ لَا يُحِبُّ ٱلۡفَرِحِينَ
28,77,1,ٱبْتَغِ,ٱبْتَغَىٰ,V,القصص,meccan,وَٱبۡتَغِ فِيمَآ ءَاتَىٰكَ ٱللَّهُ ٱلدَّارَ ٱلۡأٓخِرَةَۖ وَلَا تَنسَ نَصِيبَكَ مِنَ ٱلدُّنۡيَاۖ وَأَحۡسِن كَمَآ أَحۡسَنَ ٱللَّهُ إِلَيۡكَۖ وَلَا تَبۡغِ ٱلۡفَسَادَ فِي ٱلۡأَرۡضِۖ إِنَّ ٱللَّهَ لَا يُحِبُّ ٱلۡمُفۡسِدِينَ
28,77,18,تَبْغِ,بَغَىٰ,V,القصص,meccan,وَٱبۡتَغِ فِيمَآ ءَاتَىٰكَ ٱللَّهُ ٱلدَّارَ ٱلۡأٓخِرَةَۖ وَلَا تَنسَ نَصِيبَكَ مِنَ ٱلدُّنۡيَاۖ وَأَحۡسِن كَمَآ أَحۡسَنَ ٱللَّهُ إِلَيۡكَۖ وَلَا تَبۡغِ ٱلۡفَسَادَ فِي ٱلۡأَرۡضِۖ إِنَّ ٱللَّهَ لَا يُحِبُّ ٱلۡمُفۡسِدِينَ
29,17,19,ٱبْتَغُ,ٱبْتَغَىٰ,V,العنكبوت,meccan,إِنَّمَا تَعۡبُدُونَ مِن دُونِ ٱللَّهِ أَوۡثَٰنٗا وَتَخۡلُقُونَ إِفۡكًاۚ إِنَّ ٱلَّذِينَ تَعۡبُدُونَ مِن دُونِ ٱللَّهِ لَا يَمۡلِكُونَ لَكُمۡ رِزۡقٗا فَٱبۡتَغُواْ عِندَ ٱللَّهِ ٱلرِّزۡقَ وَٱعۡبُدُوهُ وَٱشۡكُرُواْ لَهُۥٓۖ إِلَيۡهِ تُرۡجَعُونَ
30,23,6,ٱبْتِغَا^ؤُ,ٱبْتِغَا^ء,N,الروم,meccan,وَمِنۡ ءَايَٰتِهِۦ مَنَامُكُم بِٱلَّيۡلِ وَٱلنَّهَارِ وَٱبۡتِغَآؤُكُم مِّن فَضۡلِهِۦٓۚ إِنَّ فِي ذَٰلِكَ لَأٓيَٰتٖ لِّقَوۡمٖ يَسۡمَعُونَ
30,46,13,تَبْتَغُ,ٱبْتَغَىٰ,V,الروم,meccan,وَمِنۡ ءَايَٰتِهِۦٓ أَن يُرۡسِلَ ٱلرِّيَاحَ مُبَشِّرَٰتٖ وَلِيُذِيقَكُم مِّن رَّحۡمَتِهِۦ وَلِتَجۡرِيَ ٱلۡفُلۡكُ بِأَمۡرِهِۦ وَلِتَبۡتَغُواْ مِن فَضۡلِهِۦ وَلَعَلَّكُمۡ تَشۡكُرُونَ
33,51,10,ٱبْتَغَيْ,ٱبْتَغَىٰ,V,الأحزاب,medinan,۞تُرۡجِي مَن تَشَآءُ مِنۡهُنَّ وَتُـٔۡوِيٓ إِلَيۡكَ مَن تَشَآءُۖ وَمَنِ ٱبۡتَغَيۡتَ مِمَّنۡ عَزَلۡتَ فَلَا جُنَاحَ عَلَيۡكَۚ ذَٰلِكَ أَدۡنَىٰٓ أَن تَقَرَّ أَعۡيُنُهُنَّ وَلَا يَحۡزَنَّ وَيَرۡضَيۡنَ بِمَآ ءَاتَيۡتَهُنَّ كُلُّهُنَّۚ وَٱللَّهُ يَعۡلَمُ مَا فِي قُلُوبِكُمۡۚ وَكَانَ ٱللَّهُ عَلِيمًا حَلِيمٗا
35,12,24,تَبْتَغُ,ٱبْتَغَىٰ,V,فاطر,meccan,وَمَا يَسۡتَوِي ٱلۡبَحۡرَانِ هَٰذَا عَذۡبٞ فُرَاتٞ سَآئِغٞ شَرَابُهُۥ وَهَٰذَا مِلۡحٌ أُجَاجٞۖ وَمِن كُلّٖ تَأۡكُلُونَ لَحۡمٗا طَرِيّٗا وَتَسۡتَخۡرِجُونَ حِلۡيَةٗ تَلۡبَسُونَهَاۖ وَتَرَى ٱلۡفُلۡكَ فِيهِ مَوَاخِرَ لِتَبۡتَغُواْ مِن فَضۡلِهِۦ وَلَعَلَّكُمۡ تَشۡكُرُونَ
36,40,3,يَن[بَغِى,يَن[بَغِى,V,يس,meccan,لَا ٱلشَّمۡسُ يَنۢبَغِي لَهَآ أَن تُدۡرِكَ ٱلۡقَمَرَ وَلَا ٱلَّيۡلُ سَابِقُ ٱلنَّهَارِۚ وَكُلّٞ فِي فَلَكٖ يَسۡبَحُونَ
36,69,5,يَن[بَغِى,يَن[بَغِى,V,يس,meccan,وَمَا عَلَّمۡنَٰهُ ٱلشِّعۡرَ وَمَا يَنۢبَغِي لَهُۥٓۚ إِنۡ هُوَ إِلَّا ذِكۡرٞ وَقُرۡءَانٞ مُّبِينٞ
38,22,11,بَغَىٰ,بَغَىٰ,V,ص,meccan,إِذۡ دَخَلُواْ عَلَىٰ دَاوُۥدَ فَفَزِعَ مِنۡهُمۡۖ قَالُواْ لَا تَخَفۡۖ خَصۡمَانِ بَغَىٰ بَعۡضُنَا عَلَىٰ بَعۡضٖ فَٱحۡكُم بَيۡنَنَا بِٱلۡحَقِّ وَلَا تُشۡطِطۡ وَٱهۡدِنَآ إِلَىٰ سَوَآءِ ٱلصِّرَٰطِ
38,24,12,يَبْغِى,بَغَىٰ,V,ص,meccan,قَالَ لَقَدۡ ظَلَمَكَ بِسُؤَالِ نَعۡجَتِكَ إِلَىٰ نِعَاجِهِۦۖ وَإِنَّ كَثِيرٗا مِّنَ ٱلۡخُلَطَآءِ لَيَبۡغِي بَعۡضُهُمۡ عَلَىٰ بَعۡضٍ إِلَّا ٱلَّذِينَ ءَامَنُواْ وَعَمِلُواْ ٱلصَّـٰلِحَٰتِ وَقَلِيلٞ مَّا هُمۡۗ وَظَنَّ دَاوُۥدُ أَنَّمَا فَتَنَّـٰهُ فَٱسۡتَغۡفَرَ رَبَّهُۥ وَخَرَّۤ رَاكِعٗاۤ وَأَنَابَ۩
38,35,9,يَن[بَغِى,يَن[بَغِى,V,ص,meccan,قَالَ رَبِّ ٱغۡفِرۡ لِي وَهَبۡ لِي مُلۡكٗا لَّا يَنۢبَغِي لِأَحَدٖ مِّنۢ بَعۡدِيٓۖ إِنَّكَ أَنتَ ٱلۡوَهَّابُ
42,14,9,بَغْيً[ا,بَغْي,N,الشورى,meccan,وَمَا تَفَرَّقُوٓاْ إِلَّا مِنۢ بَعۡدِ مَا جَآءَهُمُ ٱلۡعِلۡمُ بَغۡيَۢا بَيۡنَهُمۡۚ وَلَوۡلَا كَلِمَةٞ سَبَقَتۡ مِن رَّبِّكَ إِلَىٰٓ أَجَلٖ مُّسَمّٗى لَّقُضِيَ بَيۡنَهُمۡۚ وَإِنَّ ٱلَّذِينَ أُورِثُواْ ٱلۡكِتَٰبَ مِنۢ بَعۡدِهِمۡ لَفِي شَكّٖ مِّنۡهُ مُرِيبٖ
42,27,6,بَغَ,بَغَىٰ,V,الشورى,meccan,۞وَلَوۡ بَسَطَ ٱللَّهُ ٱلرِّزۡقَ لِعِبَادِهِۦ لَبَغَوۡاْ فِي ٱلۡأَرۡضِ وَلَٰكِن يُنَزِّلُ بِقَدَرٖ مَّا يَشَآءُۚ إِنَّهُۥ بِعِبَادِهِۦ خَبِيرُۢ بَصِيرٞ
42,39,4,بَغْىُ,بَغْي,N,الشورى,meccan,وَٱلَّذِينَ إِذَآ أَصَابَهُمُ ٱلۡبَغۡيُ هُمۡ يَنتَصِرُونَ
42,42,7,يَبْغُ,بَغَىٰ,V,الشورى,meccan,إِنَّمَا ٱلسَّبِيلُ عَلَى ٱلَّذِينَ يَظۡلِمُونَ ٱلنَّاسَ وَيَبۡغُونَ فِي ٱلۡأَرۡضِ بِغَيۡرِ ٱلۡحَقِّۚ أُوْلَـٰٓئِكَ لَهُمۡ عَذَابٌ أَلِيمٞ
45,12,10,تَبْتَغُ,ٱبْتَغَىٰ,V,الجاثية,meccan,۞ٱللَّهُ ٱلَّذِي سَخَّرَ لَكُمُ ٱلۡبَحۡرَ لِتَجۡرِيَ ٱلۡفُلۡكُ فِيهِ بِأَمۡرِهِۦ وَلِتَبۡتَغُواْ مِن فَضۡلِهِۦ وَلَعَلَّكُمۡ تَشۡكُرُونَ
45,17,13,بَغْيً[ا,بَغْي,N,الجاثية,meccan,وَءَاتَيۡنَٰهُم بَيِّنَٰتٖ مِّنَ ٱلۡأَمۡرِۖ فَمَا ٱخۡتَلَفُوٓاْ إِلَّا مِنۢ بَعۡدِ مَا جَآءَهُمُ ٱلۡعِلۡمُ بَغۡيَۢا بَيۡنَهُمۡۚ إِنَّ رَبَّكَ يَقۡضِي بَيۡنَهُمۡ يَوۡمَ ٱلۡقِيَٰمَةِ فِيمَا كَانُواْ فِيهِ يَخۡتَلِفُونَ
48,29,14,يَبْتَغُ,ٱبْتَغَىٰ,V,الفتح,medinan,مُّحَمَّدٞ رَّسُولُ ٱللَّهِۚ وَٱلَّذِينَ مَعَهُۥٓ أَشِدَّآءُ عَلَى ٱلۡكُفَّارِ رُحَمَآءُ بَيۡنَهُمۡۖ تَرَىٰهُمۡ رُكَّعٗا سُجَّدٗا يَبۡتَغُونَ فَضۡلٗا مِّنَ ٱللَّهِ وَرِضۡوَٰنٗاۖ سِيمَاهُمۡ فِي وُجُوهِهِم مِّنۡ أَثَرِ ٱلسُّجُودِۚ ذَٰلِكَ مَثَلُهُمۡ فِي ٱلتَّوۡرَىٰةِۚ وَمَثَلُهُمۡ فِي ٱلۡإِنجِيلِ كَزَرۡعٍ أَخۡرَجَ شَطۡـَٔهُۥ فَـَٔازَرَهُۥ فَٱسۡتَغۡلَظَ فَٱسۡتَوَىٰ عَلَىٰ سُوقِهِۦ يُعۡجِبُ ٱلزُّرَّاعَ لِيَغِيظَ بِهِمُ ٱلۡكُفَّارَۗ وَعَدَ ٱللَّهُ ٱلَّذِينَ ءَامَنُواْ وَعَمِلُواْ ٱلصَّـٰلِحَٰتِ مِنۡهُم مَّغۡفِرَةٗ وَأَجۡرًا عَظِيمَۢا
49,9,9,بَغَتْ,بَغَىٰ,V,الحجرات,medinan,وَإِن طَآئِفَتَانِ مِنَ ٱلۡمُؤۡمِنِينَ ٱقۡتَتَلُواْ فَأَصۡلِحُواْ بَيۡنَهُمَاۖ فَإِنۢ بَغَتۡ إِحۡدَىٰهُمَا عَلَى ٱلۡأُخۡرَىٰ فَقَٰتِلُواْ ٱلَّتِي تَبۡغِي حَتَّىٰ تَفِيٓءَ إِلَىٰٓ أَمۡرِ ٱللَّهِۚ فَإِن فَآءَتۡ فَأَصۡلِحُواْ بَيۡنَهُمَا بِٱلۡعَدۡلِ وَأَقۡسِطُوٓاْۖ إِنَّ ٱللَّهَ يُحِبُّ ٱلۡمُقۡسِطِينَ
49,9,15,تَبْغِى,بَغَىٰ,V,الحجرات,medinan,وَإِن طَآئِفَتَانِ مِنَ ٱلۡمُؤۡمِنِينَ ٱقۡتَتَلُواْ فَأَصۡلِحُواْ بَيۡنَهُمَاۖ فَإِنۢ بَغَتۡ إِحۡدَىٰهُمَا عَلَى ٱلۡأُخۡرَىٰ فَقَٰتِلُواْ ٱلَّتِي تَبۡغِي حَتَّىٰ تَفِيٓءَ إِلَىٰٓ أَمۡرِ ٱللَّهِۚ فَإِن فَآءَتۡ فَأَصۡلِحُواْ بَيۡنَهُمَا بِٱلۡعَدۡلِ وَأَقۡسِطُوٓاْۖ إِنَّ ٱللَّهَ يُحِبُّ ٱلۡمُقۡسِطِينَ
55,20,4,يَبْغِيَ,بَغَىٰ,V,الرحمن,medinan,بَيۡنَهُمَا بَرۡزَخٞ لَّا يَبۡغِيَانِ
57,27,25,ٱبْتِغَا^ءَ,ٱبْتِغَا^ء,N,الحديد,medinan,ثُمَّ قَفَّيۡنَا عَلَىٰٓ ءَاثَٰرِهِم بِرُسُلِنَا وَقَفَّيۡنَا بِعِيسَى ٱبۡنِ مَرۡيَمَ وَءَاتَيۡنَٰهُ ٱلۡإِنجِيلَۖ وَجَعَلۡنَا فِي قُلُوبِ ٱلَّذِينَ ٱتَّبَعُوهُ رَأۡفَةٗ وَرَحۡمَةٗۚ وَرَهۡبَانِيَّةً ٱبۡتَدَعُوهَا مَا كَتَبۡنَٰهَا عَلَيۡهِمۡ إِلَّا ٱبۡتِغَآءَ رِضۡوَٰنِ ٱللَّهِ فَمَا رَعَوۡهَا حَقَّ رِعَايَتِهَاۖ فَـَٔاتَيۡنَا ٱلَّذِينَ ءَامَنُواْ مِنۡهُمۡ أَجۡرَهُمۡۖ وَكَثِيرٞ مِّنۡهُمۡ فَٰسِقُونَ
59,8,8,يَبْتَغُ,ٱبْتَغَىٰ,V,الحشر,medinan,لِلۡفُقَرَآءِ ٱلۡمُهَٰجِرِينَ ٱلَّذِينَ أُخۡرِجُواْ مِن دِيَٰرِهِمۡ وَأَمۡوَٰلِهِمۡ يَبۡتَغُونَ فَضۡلٗا مِّنَ ٱللَّهِ وَرِضۡوَٰنٗا وَيَنصُرُونَ ٱللَّهَ وَرَسُولَهُۥٓۚ أُوْلَـٰٓئِكَ هُمُ ٱلصَّـٰدِقُونَ
60,1,31,ٱبْتِغَا^ءَ,ٱبْتِغَا^ء,N,الممتحنة,medinan,يَـٰٓأَيُّهَا ٱلَّذِينَ ءَامَنُواْ لَا تَتَّخِذُواْ عَدُوِّي وَعَدُوَّكُمۡ أَوۡلِيَآءَ تُلۡقُونَ إِلَيۡهِم بِٱلۡمَوَدَّةِ وَقَدۡ كَفَرُواْ بِمَا جَآءَكُم مِّنَ ٱلۡحَقِّ يُخۡرِجُونَ ٱلرَّسُولَ وَإِيَّاكُمۡ أَن تُؤۡمِنُواْ بِٱللَّهِ رَبِّكُمۡ إِن كُنتُمۡ خَرَجۡتُمۡ جِهَٰدٗا فِي سَبِيلِي وَٱبۡتِغَآءَ مَرۡضَاتِيۚ تُسِرُّونَ إِلَيۡهِم بِٱلۡمَوَدَّةِ وَأَنَا۠ أَعۡلَمُ بِمَآ أَخۡفَيۡتُمۡ وَمَآ أَعۡلَنتُمۡۚ وَمَن يَفۡعَلۡهُ مِنكُمۡ فَقَدۡ ضَلَّ سَوَآءَ ٱلسَّبِيلِ
62,10,7,ٱبْتَغُ,ٱبْتَغَىٰ,V,الجمعة,medinan,فَإِذَا قُضِيَتِ ٱلصَّلَوٰةُ فَٱنتَشِرُواْ فِي ٱلۡأَرۡضِ وَٱبۡتَغُواْ مِن فَضۡلِ ٱللَّهِ وَٱذۡكُرُواْ ٱللَّهَ كَثِيرٗا لَّعَلَّكُمۡ تُفۡلِحُونَ
66,1,9,تَبْتَغِى,ٱبْتَغَىٰ,V,التحريم,medinan,يَـٰٓأَيُّهَا ٱلنَّبِيُّ لِمَ تُحَرِّمُ مَآ أَحَلَّ ٱللَّهُ لَكَۖ تَبۡتَغِي مَرۡضَاتَ أَزۡوَٰجِكَۚ وَٱللَّهُ غَفُورٞ رَّحِيمٞ
70,31,2,ٱبْتَغَىٰ,ٱبْتَغَىٰ,V,المعارج,meccan,فَمَنِ ٱبۡتَغَىٰ وَرَآءَ ذَٰلِكَ فَأُوْلَـٰٓئِكَ هُمُ ٱلۡعَادُونَ
73,20,40,يَبْتَغُ,ٱبْتَغَىٰ,V,المزمل,meccan,۞إِنَّ رَبَّكَ يَعۡلَمُ أَنَّكَ تَقُومُ أَدۡنَىٰ مِن ثُلُثَيِ ٱلَّيۡلِ وَنِصۡفَهُۥ وَثُلُثَهُۥ وَطَآئِفَةٞ مِّنَ ٱلَّذِينَ مَعَكَۚ وَٱللَّهُ يُقَدِّرُ ٱلَّيۡلَ وَٱلنَّهَارَۚ عَلِمَ أَن لَّن تُحۡصُوهُ فَتَابَ عَلَيۡكُمۡۖ فَٱقۡرَءُواْ مَا تَيَسَّرَ مِنَ ٱلۡقُرۡءَانِۚ عَلِمَ أَن سَيَكُونُ مِنكُم مَّرۡضَىٰ وَءَاخَرُونَ يَضۡرِبُونَ فِي ٱلۡأَرۡضِ يَبۡتَغُونَ مِن فَضۡلِ ٱللَّهِ وَءَاخَرُونَ يُقَٰتِلُونَ فِي سَبِيلِ ٱللَّهِۖ فَٱقۡرَءُواْ مَا تَيَسَّرَ مِنۡهُۚ وَأَقِيمُواْ ٱلصَّلَوٰةَ وَءَاتُواْ ٱلزَّكَوٰةَ وَأَقۡرِضُواْ ٱللَّهَ قَرۡضًا حَسَنٗاۚ وَمَا تُقَدِّمُواْ لِأَنفُسِكُم مِّنۡ خَيۡرٖ تَجِدُوهُ عِندَ ٱللَّهِ هُوَ خَيۡرٗا وَأَعۡظَمَ أَجۡرٗاۚ وَٱسۡتَغۡفِرُواْ ٱللَّهَۖ إِنَّ ٱللَّهَ غَفُورٞ رَّحِيمُۢ
92,20,2,ٱبْتِغَا^ءَ,ٱبْتِغَا^ء,N,الليل,meccan,إِلَّا ٱبۡتِغَآءَ وَجۡهِ رَبِّهِ ٱلۡأَعۡلَىٰ
